{
  "properties": {
    "mass": 0.1,
    "I_xx": 0.00062,
    "I_yy": 0.00113,
    "I_zz": 0.001575
    },

  "dimensions": {
    "d_x": 0.114,
    "d_y": 0.114
    }
  }
